filename,fold,target,category,esc10,src_file,take
1cargo_004501.wav,,0,,,,
1cargo_004502.wav,,0,,,,
1cargo_004503.wav,,0,,,,
1cargo_004504.wav,,0,,,,
1cargo_004505.wav,,0,,,,
1cargo_004506.wav,,0,,,,
1cargo_004507.wav,,0,,,,
1cargo_004508.wav,,0,,,,
1cargo_004509.wav,,0,,,,
1cargo_004510.wav,,0,,,,
1cargo_004511.wav,,0,,,,
1cargo_004512.wav,,0,,,,
1cargo_004513.wav,,0,,,,
1cargo_004514.wav,,0,,,,
1cargo_004515.wav,,0,,,,
1cargo_004516.wav,,0,,,,
1cargo_004517.wav,,0,,,,
1cargo_004518.wav,,0,,,,
1cargo_004519.wav,,0,,,,
1cargo_004520.wav,,0,,,,
1cargo_004521.wav,,0,,,,
1cargo_004522.wav,,0,,,,
1cargo_004523.wav,,0,,,,
1cargo_004524.wav,,0,,,,
1cargo_004525.wav,,0,,,,
1cargo_004526.wav,,0,,,,
1cargo_004527.wav,,0,,,,
1cargo_004528.wav,,0,,,,
1cargo_004529.wav,,0,,,,
1cargo_004530.wav,,0,,,,
1cargo_004531.wav,,0,,,,
1cargo_004532.wav,,0,,,,
1cargo_004533.wav,,0,,,,
1cargo_004534.wav,,0,,,,
1cargo_004535.wav,,0,,,,
1cargo_004536.wav,,0,,,,
1cargo_004537.wav,,0,,,,
1cargo_004538.wav,,0,,,,
1cargo_004539.wav,,0,,,,
1cargo_004540.wav,,0,,,,
1cargo_004541.wav,,0,,,,
1cargo_004542.wav,,0,,,,
1cargo_004543.wav,,0,,,,
1cargo_004544.wav,,0,,,,
1cargo_004545.wav,,0,,,,
1cargo_004546.wav,,0,,,,
1cargo_004547.wav,,0,,,,
1cargo_004548.wav,,0,,,,
1cargo_004549.wav,,0,,,,
1cargo_004550.wav,,0,,,,
1cargo_004551.wav,,0,,,,
1cargo_004552.wav,,0,,,,
1cargo_004553.wav,,0,,,,
1cargo_004554.wav,,0,,,,
1cargo_004555.wav,,0,,,,
1cargo_004556.wav,,0,,,,
1cargo_004557.wav,,0,,,,
1cargo_004558.wav,,0,,,,
1cargo_004559.wav,,0,,,,
1cargo_004560.wav,,0,,,,
1cargo_004561.wav,,0,,,,
1cargo_004562.wav,,0,,,,
1cargo_004563.wav,,0,,,,
1cargo_004564.wav,,0,,,,
1cargo_004565.wav,,0,,,,
1cargo_004566.wav,,0,,,,
1cargo_004567.wav,,0,,,,
1cargo_004568.wav,,0,,,,
1cargo_004569.wav,,0,,,,
1cargo_004570.wav,,0,,,,
1cargo_004571.wav,,0,,,,
1cargo_004572.wav,,0,,,,
1cargo_004573.wav,,0,,,,
1cargo_004574.wav,,0,,,,
1cargo_004575.wav,,0,,,,
1cargo_004576.wav,,0,,,,
1cargo_004577.wav,,0,,,,
1cargo_004578.wav,,0,,,,
1cargo_004579.wav,,0,,,,
1cargo_004580.wav,,0,,,,
1cargo_004581.wav,,0,,,,
1cargo_004582.wav,,0,,,,
1cargo_004583.wav,,0,,,,
1cargo_004584.wav,,0,,,,
1cargo_004585.wav,,0,,,,
1cargo_004586.wav,,0,,,,
1cargo_004587.wav,,0,,,,
1cargo_004588.wav,,0,,,,
1cargo_004589.wav,,0,,,,
1cargo_004590.wav,,0,,,,
1cargo_004591.wav,,0,,,,
1cargo_004592.wav,,0,,,,
1cargo_004593.wav,,0,,,,
1cargo_004594.wav,,0,,,,
1cargo_004595.wav,,0,,,,
1cargo_004596.wav,,0,,,,
1cargo_004597.wav,,0,,,,
1cargo_004598.wav,,0,,,,
1cargo_004599.wav,,0,,,,
1cargo_004600.wav,,0,,,,
1cargo_004601.wav,,0,,,,
1cargo_004602.wav,,0,,,,
1cargo_004603.wav,,0,,,,
1cargo_004604.wav,,0,,,,
1cargo_004605.wav,,0,,,,
1cargo_004606.wav,,0,,,,
1cargo_004607.wav,,0,,,,
1cargo_004608.wav,,0,,,,
1cargo_004609.wav,,0,,,,
1cargo_004610.wav,,0,,,,
1cargo_004611.wav,,0,,,,
1cargo_004612.wav,,0,,,,
1cargo_004613.wav,,0,,,,
1cargo_004614.wav,,0,,,,
1cargo_004615.wav,,0,,,,
1cargo_004616.wav,,0,,,,
1cargo_004617.wav,,0,,,,
1cargo_004618.wav,,0,,,,
1cargo_004619.wav,,0,,,,
1cargo_004620.wav,,0,,,,
1cargo_004621.wav,,0,,,,
1cargo_004622.wav,,0,,,,
1cargo_004623.wav,,0,,,,
1cargo_004624.wav,,0,,,,
1cargo_004625.wav,,0,,,,
1cargo_004626.wav,,0,,,,
1cargo_004627.wav,,0,,,,
1cargo_004628.wav,,0,,,,
1cargo_004629.wav,,0,,,,
1cargo_004630.wav,,0,,,,
1cargo_004631.wav,,0,,,,
1cargo_004632.wav,,0,,,,
1cargo_004633.wav,,0,,,,
1cargo_004634.wav,,0,,,,
1cargo_004635.wav,,0,,,,
1cargo_004636.wav,,0,,,,
1cargo_004637.wav,,0,,,,
1cargo_004638.wav,,0,,,,
1cargo_004639.wav,,0,,,,
1cargo_004640.wav,,0,,,,
1cargo_004641.wav,,0,,,,
1cargo_004642.wav,,0,,,,
1cargo_004643.wav,,0,,,,
1cargo_004644.wav,,0,,,,
1cargo_004645.wav,,0,,,,
1cargo_004646.wav,,0,,,,
1cargo_004647.wav,,0,,,,
1cargo_004648.wav,,0,,,,
1cargo_004649.wav,,0,,,,
1cargo_004650.wav,,0,,,,
1cargo_004651.wav,,0,,,,
1cargo_004652.wav,,0,,,,
1cargo_004653.wav,,0,,,,
1cargo_004654.wav,,0,,,,
1cargo_004655.wav,,0,,,,
1cargo_004656.wav,,0,,,,
1cargo_004657.wav,,0,,,,
1cargo_004658.wav,,0,,,,
1cargo_004659.wav,,0,,,,
1cargo_004660.wav,,0,,,,
1cargo_004661.wav,,0,,,,
1cargo_004662.wav,,0,,,,
1cargo_004663.wav,,0,,,,
1cargo_004664.wav,,0,,,,
1cargo_004665.wav,,0,,,,
1cargo_004666.wav,,0,,,,
1cargo_004667.wav,,0,,,,
1cargo_004668.wav,,0,,,,
1cargo_004669.wav,,0,,,,
1cargo_004670.wav,,0,,,,
1cargo_004671.wav,,0,,,,
1cargo_004672.wav,,0,,,,
1cargo_004673.wav,,0,,,,
1cargo_004674.wav,,0,,,,
1cargo_004675.wav,,0,,,,
1cargo_004676.wav,,0,,,,
1cargo_004677.wav,,0,,,,
1cargo_004678.wav,,0,,,,
1cargo_004679.wav,,0,,,,
1cargo_004680.wav,,0,,,,
1cargo_004681.wav,,0,,,,
1cargo_004682.wav,,0,,,,
1cargo_004683.wav,,0,,,,
1cargo_004684.wav,,0,,,,
1cargo_004685.wav,,0,,,,
1cargo_004686.wav,,0,,,,
1cargo_004687.wav,,0,,,,
1cargo_004688.wav,,0,,,,
1cargo_004689.wav,,0,,,,
1cargo_004690.wav,,0,,,,
1cargo_004691.wav,,0,,,,
1cargo_004692.wav,,0,,,,
1cargo_004693.wav,,0,,,,
1cargo_004694.wav,,0,,,,
1cargo_004695.wav,,0,,,,
1cargo_004696.wav,,0,,,,
1cargo_004697.wav,,0,,,,
1cargo_004698.wav,,0,,,,
1cargo_004699.wav,,0,,,,
1cargo_004700.wav,,0,,,,
1cargo_004701.wav,,0,,,,
1cargo_004702.wav,,0,,,,
1cargo_004703.wav,,0,,,,
1cargo_004704.wav,,0,,,,
1cargo_004705.wav,,0,,,,
1cargo_004706.wav,,0,,,,
1cargo_004707.wav,,0,,,,
1cargo_004708.wav,,0,,,,
1cargo_004709.wav,,0,,,,
1cargo_004710.wav,,0,,,,
1cargo_004711.wav,,0,,,,
1cargo_004712.wav,,0,,,,
1cargo_004713.wav,,0,,,,
1cargo_004714.wav,,0,,,,
1cargo_004715.wav,,0,,,,
1cargo_004716.wav,,0,,,,
1cargo_004717.wav,,0,,,,
1cargo_004718.wav,,0,,,,
1cargo_004719.wav,,0,,,,
1cargo_004720.wav,,0,,,,
1cargo_004721.wav,,0,,,,
1cargo_004722.wav,,0,,,,
1cargo_004723.wav,,0,,,,
1cargo_004724.wav,,0,,,,
1cargo_004725.wav,,0,,,,
1cargo_004726.wav,,0,,,,
1cargo_004727.wav,,0,,,,
1cargo_004728.wav,,0,,,,
1cargo_004729.wav,,0,,,,
1cargo_004730.wav,,0,,,,
1cargo_004731.wav,,0,,,,
1cargo_004732.wav,,0,,,,
1cargo_004733.wav,,0,,,,
1cargo_004734.wav,,0,,,,
1cargo_004735.wav,,0,,,,
1cargo_004736.wav,,0,,,,
1cargo_004737.wav,,0,,,,
1cargo_004738.wav,,0,,,,
1cargo_004739.wav,,0,,,,
1cargo_004740.wav,,0,,,,
1cargo_004741.wav,,0,,,,
1cargo_004742.wav,,0,,,,
1cargo_004743.wav,,0,,,,
1cargo_004744.wav,,0,,,,
1cargo_004745.wav,,0,,,,
1cargo_004746.wav,,0,,,,
1cargo_004747.wav,,0,,,,
1cargo_004748.wav,,0,,,,
1cargo_004749.wav,,0,,,,
1cargo_004750.wav,,0,,,,
1cargo_004751.wav,,0,,,,
1cargo_004752.wav,,0,,,,
1cargo_004753.wav,,0,,,,
1cargo_004754.wav,,0,,,,
1cargo_004755.wav,,0,,,,
1cargo_004756.wav,,0,,,,
1cargo_004757.wav,,0,,,,
1cargo_004758.wav,,0,,,,
1cargo_004759.wav,,0,,,,
1cargo_004760.wav,,0,,,,
1cargo_004761.wav,,0,,,,
1cargo_004762.wav,,0,,,,
1cargo_004763.wav,,0,,,,
1cargo_004764.wav,,0,,,,
1cargo_004765.wav,,0,,,,
1cargo_004766.wav,,0,,,,
1cargo_004767.wav,,0,,,,
1cargo_004768.wav,,0,,,,
1cargo_004769.wav,,0,,,,
1cargo_004770.wav,,0,,,,
1cargo_004771.wav,,0,,,,
1cargo_004772.wav,,0,,,,
1cargo_004773.wav,,0,,,,
1cargo_004774.wav,,0,,,,
1cargo_004775.wav,,0,,,,
1cargo_004776.wav,,0,,,,
1cargo_004777.wav,,0,,,,
1cargo_004778.wav,,0,,,,
1cargo_004779.wav,,0,,,,
1cargo_004780.wav,,0,,,,
1cargo_004781.wav,,0,,,,
1cargo_004782.wav,,0,,,,
1cargo_004783.wav,,0,,,,
1cargo_004784.wav,,0,,,,
1cargo_004785.wav,,0,,,,
1cargo_004786.wav,,0,,,,
1cargo_004787.wav,,0,,,,
1cargo_004788.wav,,0,,,,
1cargo_004789.wav,,0,,,,
1cargo_004790.wav,,0,,,,
1cargo_004791.wav,,0,,,,
1cargo_004792.wav,,0,,,,
1cargo_004793.wav,,0,,,,
1cargo_004794.wav,,0,,,,
1cargo_004795.wav,,0,,,,
1cargo_004796.wav,,0,,,,
1cargo_004797.wav,,0,,,,
1cargo_004798.wav,,0,,,,
1cargo_004799.wav,,0,,,,
1cargo_004800.wav,,0,,,,
1cargo_004801.wav,,0,,,,
1cargo_004802.wav,,0,,,,
1cargo_004803.wav,,0,,,,
1cargo_004804.wav,,0,,,,
1cargo_004805.wav,,0,,,,
1cargo_004806.wav,,0,,,,
1cargo_004807.wav,,0,,,,
1cargo_004808.wav,,0,,,,
1cargo_004809.wav,,0,,,,
1cargo_004810.wav,,0,,,,
1cargo_004811.wav,,0,,,,
1cargo_004812.wav,,0,,,,
1cargo_004813.wav,,0,,,,
1cargo_004814.wav,,0,,,,
1cargo_004815.wav,,0,,,,
1cargo_004816.wav,,0,,,,
1cargo_004817.wav,,0,,,,
1cargo_004818.wav,,0,,,,
1cargo_004819.wav,,0,,,,
1cargo_004820.wav,,0,,,,
1cargo_004821.wav,,0,,,,
1cargo_004822.wav,,0,,,,
1cargo_004823.wav,,0,,,,
1cargo_004824.wav,,0,,,,
1cargo_004825.wav,,0,,,,
1cargo_004826.wav,,0,,,,
1cargo_004827.wav,,0,,,,
1cargo_004828.wav,,0,,,,
1cargo_004829.wav,,0,,,,
1cargo_004830.wav,,0,,,,
1cargo_004831.wav,,0,,,,
1cargo_004832.wav,,0,,,,
1cargo_004833.wav,,0,,,,
1cargo_004834.wav,,0,,,,
1cargo_004835.wav,,0,,,,
1cargo_004836.wav,,0,,,,
1cargo_004837.wav,,0,,,,
1cargo_004838.wav,,0,,,,
1cargo_004839.wav,,0,,,,
1cargo_004840.wav,,0,,,,
1cargo_004841.wav,,0,,,,
1cargo_004842.wav,,0,,,,
1cargo_004843.wav,,0,,,,
1cargo_004844.wav,,0,,,,
1cargo_004845.wav,,0,,,,
1cargo_004846.wav,,0,,,,
1cargo_004847.wav,,0,,,,
1cargo_004848.wav,,0,,,,
1cargo_004849.wav,,0,,,,
1cargo_004850.wav,,0,,,,
1cargo_004851.wav,,0,,,,
1cargo_004852.wav,,0,,,,
1cargo_004853.wav,,0,,,,
1cargo_004854.wav,,0,,,,
1cargo_004855.wav,,0,,,,
1cargo_004856.wav,,0,,,,
1cargo_004857.wav,,0,,,,
1cargo_004858.wav,,0,,,,
1cargo_004859.wav,,0,,,,
1cargo_004860.wav,,0,,,,
1cargo_004861.wav,,0,,,,
1cargo_004862.wav,,0,,,,
1cargo_004863.wav,,0,,,,
1cargo_004864.wav,,0,,,,
1cargo_004865.wav,,0,,,,
1cargo_004866.wav,,0,,,,
1cargo_004867.wav,,0,,,,
1cargo_004868.wav,,0,,,,
1cargo_004869.wav,,0,,,,
1cargo_004870.wav,,0,,,,
1cargo_004871.wav,,0,,,,
1cargo_004872.wav,,0,,,,
1cargo_004873.wav,,0,,,,
1cargo_004874.wav,,0,,,,
1cargo_004875.wav,,0,,,,
1cargo_004876.wav,,0,,,,
1cargo_004877.wav,,0,,,,
1cargo_004878.wav,,0,,,,
1cargo_004879.wav,,0,,,,
1cargo_004880.wav,,0,,,,
1cargo_004881.wav,,0,,,,
1cargo_004882.wav,,0,,,,
1cargo_004883.wav,,0,,,,
1cargo_004884.wav,,0,,,,
1cargo_004885.wav,,0,,,,
1cargo_004886.wav,,0,,,,
1cargo_004887.wav,,0,,,,
1cargo_004888.wav,,0,,,,
1cargo_004889.wav,,0,,,,
1cargo_004890.wav,,0,,,,
1cargo_004891.wav,,0,,,,
1cargo_004892.wav,,0,,,,
1cargo_004893.wav,,0,,,,
1cargo_004894.wav,,0,,,,
1cargo_004895.wav,,0,,,,
1cargo_004896.wav,,0,,,,
1cargo_004897.wav,,0,,,,
1cargo_004898.wav,,0,,,,
1cargo_004899.wav,,0,,,,
1cargo_004900.wav,,0,,,,
1cargo_004901.wav,,0,,,,
1cargo_004902.wav,,0,,,,
1cargo_004903.wav,,0,,,,
1cargo_004904.wav,,0,,,,
1cargo_004905.wav,,0,,,,
1cargo_004906.wav,,0,,,,
1cargo_004907.wav,,0,,,,
1cargo_004908.wav,,0,,,,
1cargo_004909.wav,,0,,,,
1cargo_004910.wav,,0,,,,
1cargo_004911.wav,,0,,,,
1cargo_004912.wav,,0,,,,
1cargo_004913.wav,,0,,,,
1cargo_004914.wav,,0,,,,
1cargo_004915.wav,,0,,,,
1cargo_004916.wav,,0,,,,
1cargo_004917.wav,,0,,,,
1cargo_004918.wav,,0,,,,
1cargo_004919.wav,,0,,,,
1cargo_004920.wav,,0,,,,
1cargo_004921.wav,,0,,,,
1cargo_004922.wav,,0,,,,
1cargo_004923.wav,,0,,,,
1cargo_004924.wav,,0,,,,
1cargo_004925.wav,,0,,,,
1cargo_004926.wav,,0,,,,
1cargo_004927.wav,,0,,,,
1cargo_004928.wav,,0,,,,
1cargo_004929.wav,,0,,,,
1cargo_004930.wav,,0,,,,
1cargo_004931.wav,,0,,,,
1cargo_004932.wav,,0,,,,
1cargo_004933.wav,,0,,,,
1cargo_004934.wav,,0,,,,
1cargo_004935.wav,,0,,,,
1cargo_004936.wav,,0,,,,
1cargo_004937.wav,,0,,,,
1cargo_004938.wav,,0,,,,
1cargo_004939.wav,,0,,,,
1cargo_004940.wav,,0,,,,
1cargo_004941.wav,,0,,,,
1cargo_004942.wav,,0,,,,
1cargo_004943.wav,,0,,,,
1cargo_004944.wav,,0,,,,
1cargo_004945.wav,,0,,,,
1cargo_004946.wav,,0,,,,
1cargo_004947.wav,,0,,,,
1cargo_004948.wav,,0,,,,
1cargo_004949.wav,,0,,,,
1cargo_004950.wav,,0,,,,
1cargo_004951.wav,,0,,,,
1cargo_004952.wav,,0,,,,
1cargo_004953.wav,,0,,,,
1cargo_004954.wav,,0,,,,
1cargo_004955.wav,,0,,,,
1cargo_004956.wav,,0,,,,
1cargo_004957.wav,,0,,,,
1cargo_004958.wav,,0,,,,
1cargo_004959.wav,,0,,,,
1cargo_004960.wav,,0,,,,
1cargo_004961.wav,,0,,,,
1cargo_004962.wav,,0,,,,
1cargo_004963.wav,,0,,,,
1cargo_004964.wav,,0,,,,
1cargo_004965.wav,,0,,,,
1cargo_004966.wav,,0,,,,
1cargo_004967.wav,,0,,,,
1cargo_004968.wav,,0,,,,
1cargo_004969.wav,,0,,,,
1cargo_004970.wav,,0,,,,
1cargo_004971.wav,,0,,,,
1cargo_004972.wav,,0,,,,
1cargo_004973.wav,,0,,,,
1cargo_004974.wav,,0,,,,
1cargo_004975.wav,,0,,,,
1cargo_004976.wav,,0,,,,
1cargo_004977.wav,,0,,,,
1cargo_004978.wav,,0,,,,
1cargo_004979.wav,,0,,,,
1cargo_004980.wav,,0,,,,
1cargo_004981.wav,,0,,,,
1cargo_004982.wav,,0,,,,
1cargo_004983.wav,,0,,,,
1cargo_004984.wav,,0,,,,
1cargo_004985.wav,,0,,,,
1cargo_004986.wav,,0,,,,
1cargo_004987.wav,,0,,,,
1cargo_004988.wav,,0,,,,
1cargo_004989.wav,,0,,,,
1cargo_004990.wav,,0,,,,
1cargo_004991.wav,,0,,,,
1cargo_004992.wav,,0,,,,
1cargo_004993.wav,,0,,,,
1cargo_004994.wav,,0,,,,
1cargo_004995.wav,,0,,,,
1cargo_004996.wav,,0,,,,
1cargo_004997.wav,,0,,,,
1cargo_004998.wav,,0,,,,
1cargo_004999.wav,,0,,,,
1cargo_005000.wav,,0,,,,
2passenger_004501.wav,,1,,,,
2passenger_004502.wav,,1,,,,
2passenger_004503.wav,,1,,,,
2passenger_004504.wav,,1,,,,
2passenger_004505.wav,,1,,,,
2passenger_004506.wav,,1,,,,
2passenger_004507.wav,,1,,,,
2passenger_004508.wav,,1,,,,
2passenger_004509.wav,,1,,,,
2passenger_004510.wav,,1,,,,
2passenger_004511.wav,,1,,,,
2passenger_004512.wav,,1,,,,
2passenger_004513.wav,,1,,,,
2passenger_004514.wav,,1,,,,
2passenger_004515.wav,,1,,,,
2passenger_004516.wav,,1,,,,
2passenger_004517.wav,,1,,,,
2passenger_004518.wav,,1,,,,
2passenger_004519.wav,,1,,,,
2passenger_004520.wav,,1,,,,
2passenger_004521.wav,,1,,,,
2passenger_004522.wav,,1,,,,
2passenger_004523.wav,,1,,,,
2passenger_004524.wav,,1,,,,
2passenger_004525.wav,,1,,,,
2passenger_004526.wav,,1,,,,
2passenger_004527.wav,,1,,,,
2passenger_004528.wav,,1,,,,
2passenger_004529.wav,,1,,,,
2passenger_004530.wav,,1,,,,
2passenger_004531.wav,,1,,,,
2passenger_004532.wav,,1,,,,
2passenger_004533.wav,,1,,,,
2passenger_004534.wav,,1,,,,
2passenger_004535.wav,,1,,,,
2passenger_004536.wav,,1,,,,
2passenger_004537.wav,,1,,,,
2passenger_004538.wav,,1,,,,
2passenger_004539.wav,,1,,,,
2passenger_004540.wav,,1,,,,
2passenger_004541.wav,,1,,,,
2passenger_004542.wav,,1,,,,
2passenger_004543.wav,,1,,,,
2passenger_004544.wav,,1,,,,
2passenger_004545.wav,,1,,,,
2passenger_004546.wav,,1,,,,
2passenger_004547.wav,,1,,,,
2passenger_004548.wav,,1,,,,
2passenger_004549.wav,,1,,,,
2passenger_004550.wav,,1,,,,
2passenger_004551.wav,,1,,,,
2passenger_004552.wav,,1,,,,
2passenger_004553.wav,,1,,,,
2passenger_004554.wav,,1,,,,
2passenger_004555.wav,,1,,,,
2passenger_004556.wav,,1,,,,
2passenger_004557.wav,,1,,,,
2passenger_004558.wav,,1,,,,
2passenger_004559.wav,,1,,,,
2passenger_004560.wav,,1,,,,
2passenger_004561.wav,,1,,,,
2passenger_004562.wav,,1,,,,
2passenger_004563.wav,,1,,,,
2passenger_004564.wav,,1,,,,
2passenger_004565.wav,,1,,,,
2passenger_004566.wav,,1,,,,
2passenger_004567.wav,,1,,,,
2passenger_004568.wav,,1,,,,
2passenger_004569.wav,,1,,,,
2passenger_004570.wav,,1,,,,
2passenger_004571.wav,,1,,,,
2passenger_004572.wav,,1,,,,
2passenger_004573.wav,,1,,,,
2passenger_004574.wav,,1,,,,
2passenger_004575.wav,,1,,,,
2passenger_004576.wav,,1,,,,
2passenger_004577.wav,,1,,,,
2passenger_004578.wav,,1,,,,
2passenger_004579.wav,,1,,,,
2passenger_004580.wav,,1,,,,
2passenger_004581.wav,,1,,,,
2passenger_004582.wav,,1,,,,
2passenger_004583.wav,,1,,,,
2passenger_004584.wav,,1,,,,
2passenger_004585.wav,,1,,,,
2passenger_004586.wav,,1,,,,
2passenger_004587.wav,,1,,,,
2passenger_004588.wav,,1,,,,
2passenger_004589.wav,,1,,,,
2passenger_004590.wav,,1,,,,
2passenger_004591.wav,,1,,,,
2passenger_004592.wav,,1,,,,
2passenger_004593.wav,,1,,,,
2passenger_004594.wav,,1,,,,
2passenger_004595.wav,,1,,,,
2passenger_004596.wav,,1,,,,
2passenger_004597.wav,,1,,,,
2passenger_004598.wav,,1,,,,
2passenger_004599.wav,,1,,,,
2passenger_004600.wav,,1,,,,
2passenger_004601.wav,,1,,,,
2passenger_004602.wav,,1,,,,
2passenger_004603.wav,,1,,,,
2passenger_004604.wav,,1,,,,
2passenger_004605.wav,,1,,,,
2passenger_004606.wav,,1,,,,
2passenger_004607.wav,,1,,,,
2passenger_004608.wav,,1,,,,
2passenger_004609.wav,,1,,,,
2passenger_004610.wav,,1,,,,
2passenger_004611.wav,,1,,,,
2passenger_004612.wav,,1,,,,
2passenger_004613.wav,,1,,,,
2passenger_004614.wav,,1,,,,
2passenger_004615.wav,,1,,,,
2passenger_004616.wav,,1,,,,
2passenger_004617.wav,,1,,,,
2passenger_004618.wav,,1,,,,
2passenger_004619.wav,,1,,,,
2passenger_004620.wav,,1,,,,
2passenger_004621.wav,,1,,,,
2passenger_004622.wav,,1,,,,
2passenger_004623.wav,,1,,,,
2passenger_004624.wav,,1,,,,
2passenger_004625.wav,,1,,,,
2passenger_004626.wav,,1,,,,
2passenger_004627.wav,,1,,,,
2passenger_004628.wav,,1,,,,
2passenger_004629.wav,,1,,,,
2passenger_004630.wav,,1,,,,
2passenger_004631.wav,,1,,,,
2passenger_004632.wav,,1,,,,
2passenger_004633.wav,,1,,,,
2passenger_004634.wav,,1,,,,
2passenger_004635.wav,,1,,,,
2passenger_004636.wav,,1,,,,
2passenger_004637.wav,,1,,,,
2passenger_004638.wav,,1,,,,
2passenger_004639.wav,,1,,,,
2passenger_004640.wav,,1,,,,
2passenger_004641.wav,,1,,,,
2passenger_004642.wav,,1,,,,
2passenger_004643.wav,,1,,,,
2passenger_004644.wav,,1,,,,
2passenger_004645.wav,,1,,,,
2passenger_004646.wav,,1,,,,
2passenger_004647.wav,,1,,,,
2passenger_004648.wav,,1,,,,
2passenger_004649.wav,,1,,,,
2passenger_004650.wav,,1,,,,
2passenger_004651.wav,,1,,,,
2passenger_004652.wav,,1,,,,
2passenger_004653.wav,,1,,,,
2passenger_004654.wav,,1,,,,
2passenger_004655.wav,,1,,,,
2passenger_004656.wav,,1,,,,
2passenger_004657.wav,,1,,,,
2passenger_004658.wav,,1,,,,
2passenger_004659.wav,,1,,,,
2passenger_004660.wav,,1,,,,
2passenger_004661.wav,,1,,,,
2passenger_004662.wav,,1,,,,
2passenger_004663.wav,,1,,,,
2passenger_004664.wav,,1,,,,
2passenger_004665.wav,,1,,,,
2passenger_004666.wav,,1,,,,
2passenger_004667.wav,,1,,,,
2passenger_004668.wav,,1,,,,
2passenger_004669.wav,,1,,,,
2passenger_004670.wav,,1,,,,
2passenger_004671.wav,,1,,,,
2passenger_004672.wav,,1,,,,
2passenger_004673.wav,,1,,,,
2passenger_004674.wav,,1,,,,
2passenger_004675.wav,,1,,,,
2passenger_004676.wav,,1,,,,
2passenger_004677.wav,,1,,,,
2passenger_004678.wav,,1,,,,
2passenger_004679.wav,,1,,,,
2passenger_004680.wav,,1,,,,
2passenger_004681.wav,,1,,,,
2passenger_004682.wav,,1,,,,
2passenger_004683.wav,,1,,,,
2passenger_004684.wav,,1,,,,
2passenger_004685.wav,,1,,,,
2passenger_004686.wav,,1,,,,
2passenger_004687.wav,,1,,,,
2passenger_004688.wav,,1,,,,
2passenger_004689.wav,,1,,,,
2passenger_004690.wav,,1,,,,
2passenger_004691.wav,,1,,,,
2passenger_004692.wav,,1,,,,
2passenger_004693.wav,,1,,,,
2passenger_004694.wav,,1,,,,
2passenger_004695.wav,,1,,,,
2passenger_004696.wav,,1,,,,
2passenger_004697.wav,,1,,,,
2passenger_004698.wav,,1,,,,
2passenger_004699.wav,,1,,,,
2passenger_004700.wav,,1,,,,
2passenger_004701.wav,,1,,,,
2passenger_004702.wav,,1,,,,
2passenger_004703.wav,,1,,,,
2passenger_004704.wav,,1,,,,
2passenger_004705.wav,,1,,,,
2passenger_004706.wav,,1,,,,
2passenger_004707.wav,,1,,,,
2passenger_004708.wav,,1,,,,
2passenger_004709.wav,,1,,,,
2passenger_004710.wav,,1,,,,
2passenger_004711.wav,,1,,,,
2passenger_004712.wav,,1,,,,
2passenger_004713.wav,,1,,,,
2passenger_004714.wav,,1,,,,
2passenger_004715.wav,,1,,,,
2passenger_004716.wav,,1,,,,
2passenger_004717.wav,,1,,,,
2passenger_004718.wav,,1,,,,
2passenger_004719.wav,,1,,,,
2passenger_004720.wav,,1,,,,
2passenger_004721.wav,,1,,,,
2passenger_004722.wav,,1,,,,
2passenger_004723.wav,,1,,,,
2passenger_004724.wav,,1,,,,
2passenger_004725.wav,,1,,,,
2passenger_004726.wav,,1,,,,
2passenger_004727.wav,,1,,,,
2passenger_004728.wav,,1,,,,
2passenger_004729.wav,,1,,,,
2passenger_004730.wav,,1,,,,
2passenger_004731.wav,,1,,,,
2passenger_004732.wav,,1,,,,
2passenger_004733.wav,,1,,,,
2passenger_004734.wav,,1,,,,
2passenger_004735.wav,,1,,,,
2passenger_004736.wav,,1,,,,
2passenger_004737.wav,,1,,,,
2passenger_004738.wav,,1,,,,
2passenger_004739.wav,,1,,,,
2passenger_004740.wav,,1,,,,
2passenger_004741.wav,,1,,,,
2passenger_004742.wav,,1,,,,
2passenger_004743.wav,,1,,,,
2passenger_004744.wav,,1,,,,
2passenger_004745.wav,,1,,,,
2passenger_004746.wav,,1,,,,
2passenger_004747.wav,,1,,,,
2passenger_004748.wav,,1,,,,
2passenger_004749.wav,,1,,,,
2passenger_004750.wav,,1,,,,
2passenger_004751.wav,,1,,,,
2passenger_004752.wav,,1,,,,
2passenger_004753.wav,,1,,,,
2passenger_004754.wav,,1,,,,
2passenger_004755.wav,,1,,,,
2passenger_004756.wav,,1,,,,
2passenger_004757.wav,,1,,,,
2passenger_004758.wav,,1,,,,
2passenger_004759.wav,,1,,,,
2passenger_004760.wav,,1,,,,
2passenger_004761.wav,,1,,,,
2passenger_004762.wav,,1,,,,
2passenger_004763.wav,,1,,,,
2passenger_004764.wav,,1,,,,
2passenger_004765.wav,,1,,,,
2passenger_004766.wav,,1,,,,
2passenger_004767.wav,,1,,,,
2passenger_004768.wav,,1,,,,
2passenger_004769.wav,,1,,,,
2passenger_004770.wav,,1,,,,
2passenger_004771.wav,,1,,,,
2passenger_004772.wav,,1,,,,
2passenger_004773.wav,,1,,,,
2passenger_004774.wav,,1,,,,
2passenger_004775.wav,,1,,,,
2passenger_004776.wav,,1,,,,
2passenger_004777.wav,,1,,,,
2passenger_004778.wav,,1,,,,
2passenger_004779.wav,,1,,,,
2passenger_004780.wav,,1,,,,
2passenger_004781.wav,,1,,,,
2passenger_004782.wav,,1,,,,
2passenger_004783.wav,,1,,,,
2passenger_004784.wav,,1,,,,
2passenger_004785.wav,,1,,,,
2passenger_004786.wav,,1,,,,
2passenger_004787.wav,,1,,,,
2passenger_004788.wav,,1,,,,
2passenger_004789.wav,,1,,,,
2passenger_004790.wav,,1,,,,
2passenger_004791.wav,,1,,,,
2passenger_004792.wav,,1,,,,
2passenger_004793.wav,,1,,,,
2passenger_004794.wav,,1,,,,
2passenger_004795.wav,,1,,,,
2passenger_004796.wav,,1,,,,
2passenger_004797.wav,,1,,,,
2passenger_004798.wav,,1,,,,
2passenger_004799.wav,,1,,,,
2passenger_004800.wav,,1,,,,
2passenger_004801.wav,,1,,,,
2passenger_004802.wav,,1,,,,
2passenger_004803.wav,,1,,,,
2passenger_004804.wav,,1,,,,
2passenger_004805.wav,,1,,,,
2passenger_004806.wav,,1,,,,
2passenger_004807.wav,,1,,,,
2passenger_004808.wav,,1,,,,
2passenger_004809.wav,,1,,,,
2passenger_004810.wav,,1,,,,
2passenger_004811.wav,,1,,,,
2passenger_004812.wav,,1,,,,
2passenger_004813.wav,,1,,,,
2passenger_004814.wav,,1,,,,
2passenger_004815.wav,,1,,,,
2passenger_004816.wav,,1,,,,
2passenger_004817.wav,,1,,,,
2passenger_004818.wav,,1,,,,
2passenger_004819.wav,,1,,,,
2passenger_004820.wav,,1,,,,
2passenger_004821.wav,,1,,,,
2passenger_004822.wav,,1,,,,
2passenger_004823.wav,,1,,,,
2passenger_004824.wav,,1,,,,
2passenger_004825.wav,,1,,,,
2passenger_004826.wav,,1,,,,
2passenger_004827.wav,,1,,,,
2passenger_004828.wav,,1,,,,
2passenger_004829.wav,,1,,,,
2passenger_004830.wav,,1,,,,
2passenger_004831.wav,,1,,,,
2passenger_004832.wav,,1,,,,
2passenger_004833.wav,,1,,,,
2passenger_004834.wav,,1,,,,
2passenger_004835.wav,,1,,,,
2passenger_004836.wav,,1,,,,
2passenger_004837.wav,,1,,,,
2passenger_004838.wav,,1,,,,
2passenger_004839.wav,,1,,,,
2passenger_004840.wav,,1,,,,
2passenger_004841.wav,,1,,,,
2passenger_004842.wav,,1,,,,
2passenger_004843.wav,,1,,,,
2passenger_004844.wav,,1,,,,
2passenger_004845.wav,,1,,,,
2passenger_004846.wav,,1,,,,
2passenger_004847.wav,,1,,,,
2passenger_004848.wav,,1,,,,
2passenger_004849.wav,,1,,,,
2passenger_004850.wav,,1,,,,
2passenger_004851.wav,,1,,,,
2passenger_004852.wav,,1,,,,
2passenger_004853.wav,,1,,,,
2passenger_004854.wav,,1,,,,
2passenger_004855.wav,,1,,,,
2passenger_004856.wav,,1,,,,
2passenger_004857.wav,,1,,,,
2passenger_004858.wav,,1,,,,
2passenger_004859.wav,,1,,,,
2passenger_004860.wav,,1,,,,
2passenger_004861.wav,,1,,,,
2passenger_004862.wav,,1,,,,
2passenger_004863.wav,,1,,,,
2passenger_004864.wav,,1,,,,
2passenger_004865.wav,,1,,,,
2passenger_004866.wav,,1,,,,
2passenger_004867.wav,,1,,,,
2passenger_004868.wav,,1,,,,
2passenger_004869.wav,,1,,,,
2passenger_004870.wav,,1,,,,
2passenger_004871.wav,,1,,,,
2passenger_004872.wav,,1,,,,
2passenger_004873.wav,,1,,,,
2passenger_004874.wav,,1,,,,
2passenger_004875.wav,,1,,,,
2passenger_004876.wav,,1,,,,
2passenger_004877.wav,,1,,,,
2passenger_004878.wav,,1,,,,
2passenger_004879.wav,,1,,,,
2passenger_004880.wav,,1,,,,
2passenger_004881.wav,,1,,,,
2passenger_004882.wav,,1,,,,
2passenger_004883.wav,,1,,,,
2passenger_004884.wav,,1,,,,
2passenger_004885.wav,,1,,,,
2passenger_004886.wav,,1,,,,
2passenger_004887.wav,,1,,,,
2passenger_004888.wav,,1,,,,
2passenger_004889.wav,,1,,,,
2passenger_004890.wav,,1,,,,
2passenger_004891.wav,,1,,,,
2passenger_004892.wav,,1,,,,
2passenger_004893.wav,,1,,,,
2passenger_004894.wav,,1,,,,
2passenger_004895.wav,,1,,,,
2passenger_004896.wav,,1,,,,
2passenger_004897.wav,,1,,,,
2passenger_004898.wav,,1,,,,
2passenger_004899.wav,,1,,,,
2passenger_004900.wav,,1,,,,
2passenger_004901.wav,,1,,,,
2passenger_004902.wav,,1,,,,
2passenger_004903.wav,,1,,,,
2passenger_004904.wav,,1,,,,
2passenger_004905.wav,,1,,,,
2passenger_004906.wav,,1,,,,
2passenger_004907.wav,,1,,,,
2passenger_004908.wav,,1,,,,
2passenger_004909.wav,,1,,,,
2passenger_004910.wav,,1,,,,
2passenger_004911.wav,,1,,,,
2passenger_004912.wav,,1,,,,
2passenger_004913.wav,,1,,,,
2passenger_004914.wav,,1,,,,
2passenger_004915.wav,,1,,,,
2passenger_004916.wav,,1,,,,
2passenger_004917.wav,,1,,,,
2passenger_004918.wav,,1,,,,
2passenger_004919.wav,,1,,,,
2passenger_004920.wav,,1,,,,
2passenger_004921.wav,,1,,,,
2passenger_004922.wav,,1,,,,
2passenger_004923.wav,,1,,,,
2passenger_004924.wav,,1,,,,
2passenger_004925.wav,,1,,,,
2passenger_004926.wav,,1,,,,
2passenger_004927.wav,,1,,,,
2passenger_004928.wav,,1,,,,
2passenger_004929.wav,,1,,,,
2passenger_004930.wav,,1,,,,
2passenger_004931.wav,,1,,,,
2passenger_004932.wav,,1,,,,
2passenger_004933.wav,,1,,,,
2passenger_004934.wav,,1,,,,
2passenger_004935.wav,,1,,,,
2passenger_004936.wav,,1,,,,
2passenger_004937.wav,,1,,,,
2passenger_004938.wav,,1,,,,
2passenger_004939.wav,,1,,,,
2passenger_004940.wav,,1,,,,
2passenger_004941.wav,,1,,,,
2passenger_004942.wav,,1,,,,
2passenger_004943.wav,,1,,,,
2passenger_004944.wav,,1,,,,
2passenger_004945.wav,,1,,,,
2passenger_004946.wav,,1,,,,
2passenger_004947.wav,,1,,,,
2passenger_004948.wav,,1,,,,
2passenger_004949.wav,,1,,,,
2passenger_004950.wav,,1,,,,
2passenger_004951.wav,,1,,,,
2passenger_004952.wav,,1,,,,
2passenger_004953.wav,,1,,,,
2passenger_004954.wav,,1,,,,
2passenger_004955.wav,,1,,,,
2passenger_004956.wav,,1,,,,
2passenger_004957.wav,,1,,,,
2passenger_004958.wav,,1,,,,
2passenger_004959.wav,,1,,,,
2passenger_004960.wav,,1,,,,
2passenger_004961.wav,,1,,,,
2passenger_004962.wav,,1,,,,
2passenger_004963.wav,,1,,,,
2passenger_004964.wav,,1,,,,
2passenger_004965.wav,,1,,,,
2passenger_004966.wav,,1,,,,
2passenger_004967.wav,,1,,,,
2passenger_004968.wav,,1,,,,
2passenger_004969.wav,,1,,,,
2passenger_004970.wav,,1,,,,
2passenger_004971.wav,,1,,,,
2passenger_004972.wav,,1,,,,
2passenger_004973.wav,,1,,,,
2passenger_004974.wav,,1,,,,
2passenger_004975.wav,,1,,,,
2passenger_004976.wav,,1,,,,
2passenger_004977.wav,,1,,,,
2passenger_004978.wav,,1,,,,
2passenger_004979.wav,,1,,,,
2passenger_004980.wav,,1,,,,
2passenger_004981.wav,,1,,,,
2passenger_004982.wav,,1,,,,
2passenger_004983.wav,,1,,,,
2passenger_004984.wav,,1,,,,
2passenger_004985.wav,,1,,,,
2passenger_004986.wav,,1,,,,
2passenger_004987.wav,,1,,,,
2passenger_004988.wav,,1,,,,
2passenger_004989.wav,,1,,,,
2passenger_004990.wav,,1,,,,
2passenger_004991.wav,,1,,,,
2passenger_004992.wav,,1,,,,
2passenger_004993.wav,,1,,,,
2passenger_004994.wav,,1,,,,
2passenger_004995.wav,,1,,,,
2passenger_004996.wav,,1,,,,
2passenger_004997.wav,,1,,,,
2passenger_004998.wav,,1,,,,
2passenger_004999.wav,,1,,,,
2passenger_005000.wav,,1,,,,
3tanker_004501.wav,,2,,,,
3tanker_004502.wav,,2,,,,
3tanker_004503.wav,,2,,,,
3tanker_004504.wav,,2,,,,
3tanker_004505.wav,,2,,,,
3tanker_004506.wav,,2,,,,
3tanker_004507.wav,,2,,,,
3tanker_004508.wav,,2,,,,
3tanker_004509.wav,,2,,,,
3tanker_004510.wav,,2,,,,
3tanker_004511.wav,,2,,,,
3tanker_004512.wav,,2,,,,
3tanker_004513.wav,,2,,,,
3tanker_004514.wav,,2,,,,
3tanker_004515.wav,,2,,,,
3tanker_004516.wav,,2,,,,
3tanker_004517.wav,,2,,,,
3tanker_004518.wav,,2,,,,
3tanker_004519.wav,,2,,,,
3tanker_004520.wav,,2,,,,
3tanker_004521.wav,,2,,,,
3tanker_004522.wav,,2,,,,
3tanker_004523.wav,,2,,,,
3tanker_004524.wav,,2,,,,
3tanker_004525.wav,,2,,,,
3tanker_004526.wav,,2,,,,
3tanker_004527.wav,,2,,,,
3tanker_004528.wav,,2,,,,
3tanker_004529.wav,,2,,,,
3tanker_004530.wav,,2,,,,
3tanker_004531.wav,,2,,,,
3tanker_004532.wav,,2,,,,
3tanker_004533.wav,,2,,,,
3tanker_004534.wav,,2,,,,
3tanker_004535.wav,,2,,,,
3tanker_004536.wav,,2,,,,
3tanker_004537.wav,,2,,,,
3tanker_004538.wav,,2,,,,
3tanker_004539.wav,,2,,,,
3tanker_004540.wav,,2,,,,
3tanker_004541.wav,,2,,,,
3tanker_004542.wav,,2,,,,
3tanker_004543.wav,,2,,,,
3tanker_004544.wav,,2,,,,
3tanker_004545.wav,,2,,,,
3tanker_004546.wav,,2,,,,
3tanker_004547.wav,,2,,,,
3tanker_004548.wav,,2,,,,
3tanker_004549.wav,,2,,,,
3tanker_004550.wav,,2,,,,
3tanker_004551.wav,,2,,,,
3tanker_004552.wav,,2,,,,
3tanker_004553.wav,,2,,,,
3tanker_004554.wav,,2,,,,
3tanker_004555.wav,,2,,,,
3tanker_004556.wav,,2,,,,
3tanker_004557.wav,,2,,,,
3tanker_004558.wav,,2,,,,
3tanker_004559.wav,,2,,,,
3tanker_004560.wav,,2,,,,
3tanker_004561.wav,,2,,,,
3tanker_004562.wav,,2,,,,
3tanker_004563.wav,,2,,,,
3tanker_004564.wav,,2,,,,
3tanker_004565.wav,,2,,,,
3tanker_004566.wav,,2,,,,
3tanker_004567.wav,,2,,,,
3tanker_004568.wav,,2,,,,
3tanker_004569.wav,,2,,,,
3tanker_004570.wav,,2,,,,
3tanker_004571.wav,,2,,,,
3tanker_004572.wav,,2,,,,
3tanker_004573.wav,,2,,,,
3tanker_004574.wav,,2,,,,
3tanker_004575.wav,,2,,,,
3tanker_004576.wav,,2,,,,
3tanker_004577.wav,,2,,,,
3tanker_004578.wav,,2,,,,
3tanker_004579.wav,,2,,,,
3tanker_004580.wav,,2,,,,
3tanker_004581.wav,,2,,,,
3tanker_004582.wav,,2,,,,
3tanker_004583.wav,,2,,,,
3tanker_004584.wav,,2,,,,
3tanker_004585.wav,,2,,,,
3tanker_004586.wav,,2,,,,
3tanker_004587.wav,,2,,,,
3tanker_004588.wav,,2,,,,
3tanker_004589.wav,,2,,,,
3tanker_004590.wav,,2,,,,
3tanker_004591.wav,,2,,,,
3tanker_004592.wav,,2,,,,
3tanker_004593.wav,,2,,,,
3tanker_004594.wav,,2,,,,
3tanker_004595.wav,,2,,,,
3tanker_004596.wav,,2,,,,
3tanker_004597.wav,,2,,,,
3tanker_004598.wav,,2,,,,
3tanker_004599.wav,,2,,,,
3tanker_004600.wav,,2,,,,
3tanker_004601.wav,,2,,,,
3tanker_004602.wav,,2,,,,
3tanker_004603.wav,,2,,,,
3tanker_004604.wav,,2,,,,
3tanker_004605.wav,,2,,,,
3tanker_004606.wav,,2,,,,
3tanker_004607.wav,,2,,,,
3tanker_004608.wav,,2,,,,
3tanker_004609.wav,,2,,,,
3tanker_004610.wav,,2,,,,
3tanker_004611.wav,,2,,,,
3tanker_004612.wav,,2,,,,
3tanker_004613.wav,,2,,,,
3tanker_004614.wav,,2,,,,
3tanker_004615.wav,,2,,,,
3tanker_004616.wav,,2,,,,
3tanker_004617.wav,,2,,,,
3tanker_004618.wav,,2,,,,
3tanker_004619.wav,,2,,,,
3tanker_004620.wav,,2,,,,
3tanker_004621.wav,,2,,,,
3tanker_004622.wav,,2,,,,
3tanker_004623.wav,,2,,,,
3tanker_004624.wav,,2,,,,
3tanker_004625.wav,,2,,,,
3tanker_004626.wav,,2,,,,
3tanker_004627.wav,,2,,,,
3tanker_004628.wav,,2,,,,
3tanker_004629.wav,,2,,,,
3tanker_004630.wav,,2,,,,
3tanker_004631.wav,,2,,,,
3tanker_004632.wav,,2,,,,
3tanker_004633.wav,,2,,,,
3tanker_004634.wav,,2,,,,
3tanker_004635.wav,,2,,,,
3tanker_004636.wav,,2,,,,
3tanker_004637.wav,,2,,,,
3tanker_004638.wav,,2,,,,
3tanker_004639.wav,,2,,,,
3tanker_004640.wav,,2,,,,
3tanker_004641.wav,,2,,,,
3tanker_004642.wav,,2,,,,
3tanker_004643.wav,,2,,,,
3tanker_004644.wav,,2,,,,
3tanker_004645.wav,,2,,,,
3tanker_004646.wav,,2,,,,
3tanker_004647.wav,,2,,,,
3tanker_004648.wav,,2,,,,
3tanker_004649.wav,,2,,,,
3tanker_004650.wav,,2,,,,
3tanker_004651.wav,,2,,,,
3tanker_004652.wav,,2,,,,
3tanker_004653.wav,,2,,,,
3tanker_004654.wav,,2,,,,
3tanker_004655.wav,,2,,,,
3tanker_004656.wav,,2,,,,
3tanker_004657.wav,,2,,,,
3tanker_004658.wav,,2,,,,
3tanker_004659.wav,,2,,,,
3tanker_004660.wav,,2,,,,
3tanker_004661.wav,,2,,,,
3tanker_004662.wav,,2,,,,
3tanker_004663.wav,,2,,,,
3tanker_004664.wav,,2,,,,
3tanker_004665.wav,,2,,,,
3tanker_004666.wav,,2,,,,
3tanker_004667.wav,,2,,,,
3tanker_004668.wav,,2,,,,
3tanker_004669.wav,,2,,,,
3tanker_004670.wav,,2,,,,
3tanker_004671.wav,,2,,,,
3tanker_004672.wav,,2,,,,
3tanker_004673.wav,,2,,,,
3tanker_004674.wav,,2,,,,
3tanker_004675.wav,,2,,,,
3tanker_004676.wav,,2,,,,
3tanker_004677.wav,,2,,,,
3tanker_004678.wav,,2,,,,
3tanker_004679.wav,,2,,,,
3tanker_004680.wav,,2,,,,
3tanker_004681.wav,,2,,,,
3tanker_004682.wav,,2,,,,
3tanker_004683.wav,,2,,,,
3tanker_004684.wav,,2,,,,
3tanker_004685.wav,,2,,,,
3tanker_004686.wav,,2,,,,
3tanker_004687.wav,,2,,,,
3tanker_004688.wav,,2,,,,
3tanker_004689.wav,,2,,,,
3tanker_004690.wav,,2,,,,
3tanker_004691.wav,,2,,,,
3tanker_004692.wav,,2,,,,
3tanker_004693.wav,,2,,,,
3tanker_004694.wav,,2,,,,
3tanker_004695.wav,,2,,,,
3tanker_004696.wav,,2,,,,
3tanker_004697.wav,,2,,,,
3tanker_004698.wav,,2,,,,
3tanker_004699.wav,,2,,,,
3tanker_004700.wav,,2,,,,
3tanker_004701.wav,,2,,,,
3tanker_004702.wav,,2,,,,
3tanker_004703.wav,,2,,,,
3tanker_004704.wav,,2,,,,
3tanker_004705.wav,,2,,,,
3tanker_004706.wav,,2,,,,
3tanker_004707.wav,,2,,,,
3tanker_004708.wav,,2,,,,
3tanker_004709.wav,,2,,,,
3tanker_004710.wav,,2,,,,
3tanker_004711.wav,,2,,,,
3tanker_004712.wav,,2,,,,
3tanker_004713.wav,,2,,,,
3tanker_004714.wav,,2,,,,
3tanker_004715.wav,,2,,,,
3tanker_004716.wav,,2,,,,
3tanker_004717.wav,,2,,,,
3tanker_004718.wav,,2,,,,
3tanker_004719.wav,,2,,,,
3tanker_004720.wav,,2,,,,
3tanker_004721.wav,,2,,,,
3tanker_004722.wav,,2,,,,
3tanker_004723.wav,,2,,,,
3tanker_004724.wav,,2,,,,
3tanker_004725.wav,,2,,,,
3tanker_004726.wav,,2,,,,
3tanker_004727.wav,,2,,,,
3tanker_004728.wav,,2,,,,
3tanker_004729.wav,,2,,,,
3tanker_004730.wav,,2,,,,
3tanker_004731.wav,,2,,,,
3tanker_004732.wav,,2,,,,
3tanker_004733.wav,,2,,,,
3tanker_004734.wav,,2,,,,
3tanker_004735.wav,,2,,,,
3tanker_004736.wav,,2,,,,
3tanker_004737.wav,,2,,,,
3tanker_004738.wav,,2,,,,
3tanker_004739.wav,,2,,,,
3tanker_004740.wav,,2,,,,
3tanker_004741.wav,,2,,,,
3tanker_004742.wav,,2,,,,
3tanker_004743.wav,,2,,,,
3tanker_004744.wav,,2,,,,
3tanker_004745.wav,,2,,,,
3tanker_004746.wav,,2,,,,
3tanker_004747.wav,,2,,,,
3tanker_004748.wav,,2,,,,
3tanker_004749.wav,,2,,,,
3tanker_004750.wav,,2,,,,
3tanker_004751.wav,,2,,,,
3tanker_004752.wav,,2,,,,
3tanker_004753.wav,,2,,,,
3tanker_004754.wav,,2,,,,
3tanker_004755.wav,,2,,,,
3tanker_004756.wav,,2,,,,
3tanker_004757.wav,,2,,,,
3tanker_004758.wav,,2,,,,
3tanker_004759.wav,,2,,,,
3tanker_004760.wav,,2,,,,
3tanker_004761.wav,,2,,,,
3tanker_004762.wav,,2,,,,
3tanker_004763.wav,,2,,,,
3tanker_004764.wav,,2,,,,
3tanker_004765.wav,,2,,,,
3tanker_004766.wav,,2,,,,
3tanker_004767.wav,,2,,,,
3tanker_004768.wav,,2,,,,
3tanker_004769.wav,,2,,,,
3tanker_004770.wav,,2,,,,
3tanker_004771.wav,,2,,,,
3tanker_004772.wav,,2,,,,
3tanker_004773.wav,,2,,,,
3tanker_004774.wav,,2,,,,
3tanker_004775.wav,,2,,,,
3tanker_004776.wav,,2,,,,
3tanker_004777.wav,,2,,,,
3tanker_004778.wav,,2,,,,
3tanker_004779.wav,,2,,,,
3tanker_004780.wav,,2,,,,
3tanker_004781.wav,,2,,,,
3tanker_004782.wav,,2,,,,
3tanker_004783.wav,,2,,,,
3tanker_004784.wav,,2,,,,
3tanker_004785.wav,,2,,,,
3tanker_004786.wav,,2,,,,
3tanker_004787.wav,,2,,,,
3tanker_004788.wav,,2,,,,
3tanker_004789.wav,,2,,,,
3tanker_004790.wav,,2,,,,
3tanker_004791.wav,,2,,,,
3tanker_004792.wav,,2,,,,
3tanker_004793.wav,,2,,,,
3tanker_004794.wav,,2,,,,
3tanker_004795.wav,,2,,,,
3tanker_004796.wav,,2,,,,
3tanker_004797.wav,,2,,,,
3tanker_004798.wav,,2,,,,
3tanker_004799.wav,,2,,,,
3tanker_004800.wav,,2,,,,
3tanker_004801.wav,,2,,,,
3tanker_004802.wav,,2,,,,
3tanker_004803.wav,,2,,,,
3tanker_004804.wav,,2,,,,
3tanker_004805.wav,,2,,,,
3tanker_004806.wav,,2,,,,
3tanker_004807.wav,,2,,,,
3tanker_004808.wav,,2,,,,
3tanker_004809.wav,,2,,,,
3tanker_004810.wav,,2,,,,
3tanker_004811.wav,,2,,,,
3tanker_004812.wav,,2,,,,
3tanker_004813.wav,,2,,,,
3tanker_004814.wav,,2,,,,
3tanker_004815.wav,,2,,,,
3tanker_004816.wav,,2,,,,
3tanker_004817.wav,,2,,,,
3tanker_004818.wav,,2,,,,
3tanker_004819.wav,,2,,,,
3tanker_004820.wav,,2,,,,
3tanker_004821.wav,,2,,,,
3tanker_004822.wav,,2,,,,
3tanker_004823.wav,,2,,,,
3tanker_004824.wav,,2,,,,
3tanker_004825.wav,,2,,,,
3tanker_004826.wav,,2,,,,
3tanker_004827.wav,,2,,,,
3tanker_004828.wav,,2,,,,
3tanker_004829.wav,,2,,,,
3tanker_004830.wav,,2,,,,
3tanker_004831.wav,,2,,,,
3tanker_004832.wav,,2,,,,
3tanker_004833.wav,,2,,,,
3tanker_004834.wav,,2,,,,
3tanker_004835.wav,,2,,,,
3tanker_004836.wav,,2,,,,
3tanker_004837.wav,,2,,,,
3tanker_004838.wav,,2,,,,
3tanker_004839.wav,,2,,,,
3tanker_004840.wav,,2,,,,
3tanker_004841.wav,,2,,,,
3tanker_004842.wav,,2,,,,
3tanker_004843.wav,,2,,,,
3tanker_004844.wav,,2,,,,
3tanker_004845.wav,,2,,,,
3tanker_004846.wav,,2,,,,
3tanker_004847.wav,,2,,,,
3tanker_004848.wav,,2,,,,
3tanker_004849.wav,,2,,,,
3tanker_004850.wav,,2,,,,
3tanker_004851.wav,,2,,,,
3tanker_004852.wav,,2,,,,
3tanker_004853.wav,,2,,,,
3tanker_004854.wav,,2,,,,
3tanker_004855.wav,,2,,,,
3tanker_004856.wav,,2,,,,
3tanker_004857.wav,,2,,,,
3tanker_004858.wav,,2,,,,
3tanker_004859.wav,,2,,,,
3tanker_004860.wav,,2,,,,
3tanker_004861.wav,,2,,,,
3tanker_004862.wav,,2,,,,
3tanker_004863.wav,,2,,,,
3tanker_004864.wav,,2,,,,
3tanker_004865.wav,,2,,,,
3tanker_004866.wav,,2,,,,
3tanker_004867.wav,,2,,,,
3tanker_004868.wav,,2,,,,
3tanker_004869.wav,,2,,,,
3tanker_004870.wav,,2,,,,
3tanker_004871.wav,,2,,,,
3tanker_004872.wav,,2,,,,
3tanker_004873.wav,,2,,,,
3tanker_004874.wav,,2,,,,
3tanker_004875.wav,,2,,,,
3tanker_004876.wav,,2,,,,
3tanker_004877.wav,,2,,,,
3tanker_004878.wav,,2,,,,
3tanker_004879.wav,,2,,,,
3tanker_004880.wav,,2,,,,
3tanker_004881.wav,,2,,,,
3tanker_004882.wav,,2,,,,
3tanker_004883.wav,,2,,,,
3tanker_004884.wav,,2,,,,
3tanker_004885.wav,,2,,,,
3tanker_004886.wav,,2,,,,
3tanker_004887.wav,,2,,,,
3tanker_004888.wav,,2,,,,
3tanker_004889.wav,,2,,,,
3tanker_004890.wav,,2,,,,
3tanker_004891.wav,,2,,,,
3tanker_004892.wav,,2,,,,
3tanker_004893.wav,,2,,,,
3tanker_004894.wav,,2,,,,
3tanker_004895.wav,,2,,,,
3tanker_004896.wav,,2,,,,
3tanker_004897.wav,,2,,,,
3tanker_004898.wav,,2,,,,
3tanker_004899.wav,,2,,,,
3tanker_004900.wav,,2,,,,
3tanker_004901.wav,,2,,,,
3tanker_004902.wav,,2,,,,
3tanker_004903.wav,,2,,,,
3tanker_004904.wav,,2,,,,
3tanker_004905.wav,,2,,,,
3tanker_004906.wav,,2,,,,
3tanker_004907.wav,,2,,,,
3tanker_004908.wav,,2,,,,
3tanker_004909.wav,,2,,,,
3tanker_004910.wav,,2,,,,
3tanker_004911.wav,,2,,,,
3tanker_004912.wav,,2,,,,
3tanker_004913.wav,,2,,,,
3tanker_004914.wav,,2,,,,
3tanker_004915.wav,,2,,,,
3tanker_004916.wav,,2,,,,
3tanker_004917.wav,,2,,,,
3tanker_004918.wav,,2,,,,
3tanker_004919.wav,,2,,,,
3tanker_004920.wav,,2,,,,
3tanker_004921.wav,,2,,,,
3tanker_004922.wav,,2,,,,
3tanker_004923.wav,,2,,,,
3tanker_004924.wav,,2,,,,
3tanker_004925.wav,,2,,,,
3tanker_004926.wav,,2,,,,
3tanker_004927.wav,,2,,,,
3tanker_004928.wav,,2,,,,
3tanker_004929.wav,,2,,,,
3tanker_004930.wav,,2,,,,
3tanker_004931.wav,,2,,,,
3tanker_004932.wav,,2,,,,
3tanker_004933.wav,,2,,,,
3tanker_004934.wav,,2,,,,
3tanker_004935.wav,,2,,,,
3tanker_004936.wav,,2,,,,
3tanker_004937.wav,,2,,,,
3tanker_004938.wav,,2,,,,
3tanker_004939.wav,,2,,,,
3tanker_004940.wav,,2,,,,
3tanker_004941.wav,,2,,,,
3tanker_004942.wav,,2,,,,
3tanker_004943.wav,,2,,,,
3tanker_004944.wav,,2,,,,
3tanker_004945.wav,,2,,,,
3tanker_004946.wav,,2,,,,
3tanker_004947.wav,,2,,,,
3tanker_004948.wav,,2,,,,
3tanker_004949.wav,,2,,,,
3tanker_004950.wav,,2,,,,
3tanker_004951.wav,,2,,,,
3tanker_004952.wav,,2,,,,
3tanker_004953.wav,,2,,,,
3tanker_004954.wav,,2,,,,
3tanker_004955.wav,,2,,,,
3tanker_004956.wav,,2,,,,
3tanker_004957.wav,,2,,,,
3tanker_004958.wav,,2,,,,
3tanker_004959.wav,,2,,,,
3tanker_004960.wav,,2,,,,
3tanker_004961.wav,,2,,,,
3tanker_004962.wav,,2,,,,
3tanker_004963.wav,,2,,,,
3tanker_004964.wav,,2,,,,
3tanker_004965.wav,,2,,,,
3tanker_004966.wav,,2,,,,
3tanker_004967.wav,,2,,,,
3tanker_004968.wav,,2,,,,
3tanker_004969.wav,,2,,,,
3tanker_004970.wav,,2,,,,
3tanker_004971.wav,,2,,,,
3tanker_004972.wav,,2,,,,
3tanker_004973.wav,,2,,,,
3tanker_004974.wav,,2,,,,
3tanker_004975.wav,,2,,,,
3tanker_004976.wav,,2,,,,
3tanker_004977.wav,,2,,,,
3tanker_004978.wav,,2,,,,
3tanker_004979.wav,,2,,,,
3tanker_004980.wav,,2,,,,
3tanker_004981.wav,,2,,,,
3tanker_004982.wav,,2,,,,
3tanker_004983.wav,,2,,,,
3tanker_004984.wav,,2,,,,
3tanker_004985.wav,,2,,,,
3tanker_004986.wav,,2,,,,
3tanker_004987.wav,,2,,,,
3tanker_004988.wav,,2,,,,
3tanker_004989.wav,,2,,,,
3tanker_004990.wav,,2,,,,
3tanker_004991.wav,,2,,,,
3tanker_004992.wav,,2,,,,
3tanker_004993.wav,,2,,,,
3tanker_004994.wav,,2,,,,
3tanker_004995.wav,,2,,,,
3tanker_004996.wav,,2,,,,
3tanker_004997.wav,,2,,,,
3tanker_004998.wav,,2,,,,
3tanker_004999.wav,,2,,,,
3tanker_005000.wav,,2,,,,
4tug_004501.wav,,3,,,,
4tug_004502.wav,,3,,,,
4tug_004503.wav,,3,,,,
4tug_004504.wav,,3,,,,
4tug_004505.wav,,3,,,,
4tug_004506.wav,,3,,,,
4tug_004507.wav,,3,,,,
4tug_004508.wav,,3,,,,
4tug_004509.wav,,3,,,,
4tug_004510.wav,,3,,,,
4tug_004511.wav,,3,,,,
4tug_004512.wav,,3,,,,
4tug_004513.wav,,3,,,,
4tug_004514.wav,,3,,,,
4tug_004515.wav,,3,,,,
4tug_004516.wav,,3,,,,
4tug_004517.wav,,3,,,,
4tug_004518.wav,,3,,,,
4tug_004519.wav,,3,,,,
4tug_004520.wav,,3,,,,
4tug_004521.wav,,3,,,,
4tug_004522.wav,,3,,,,
4tug_004523.wav,,3,,,,
4tug_004524.wav,,3,,,,
4tug_004525.wav,,3,,,,
4tug_004526.wav,,3,,,,
4tug_004527.wav,,3,,,,
4tug_004528.wav,,3,,,,
4tug_004529.wav,,3,,,,
4tug_004530.wav,,3,,,,
4tug_004531.wav,,3,,,,
4tug_004532.wav,,3,,,,
4tug_004533.wav,,3,,,,
4tug_004534.wav,,3,,,,
4tug_004535.wav,,3,,,,
4tug_004536.wav,,3,,,,
4tug_004537.wav,,3,,,,
4tug_004538.wav,,3,,,,
4tug_004539.wav,,3,,,,
4tug_004540.wav,,3,,,,
4tug_004541.wav,,3,,,,
4tug_004542.wav,,3,,,,
4tug_004543.wav,,3,,,,
4tug_004544.wav,,3,,,,
4tug_004545.wav,,3,,,,
4tug_004546.wav,,3,,,,
4tug_004547.wav,,3,,,,
4tug_004548.wav,,3,,,,
4tug_004549.wav,,3,,,,
4tug_004550.wav,,3,,,,
4tug_004551.wav,,3,,,,
4tug_004552.wav,,3,,,,
4tug_004553.wav,,3,,,,
4tug_004554.wav,,3,,,,
4tug_004555.wav,,3,,,,
4tug_004556.wav,,3,,,,
4tug_004557.wav,,3,,,,
4tug_004558.wav,,3,,,,
4tug_004559.wav,,3,,,,
4tug_004560.wav,,3,,,,
4tug_004561.wav,,3,,,,
4tug_004562.wav,,3,,,,
4tug_004563.wav,,3,,,,
4tug_004564.wav,,3,,,,
4tug_004565.wav,,3,,,,
4tug_004566.wav,,3,,,,
4tug_004567.wav,,3,,,,
4tug_004568.wav,,3,,,,
4tug_004569.wav,,3,,,,
4tug_004570.wav,,3,,,,
4tug_004571.wav,,3,,,,
4tug_004572.wav,,3,,,,
4tug_004573.wav,,3,,,,
4tug_004574.wav,,3,,,,
4tug_004575.wav,,3,,,,
4tug_004576.wav,,3,,,,
4tug_004577.wav,,3,,,,
4tug_004578.wav,,3,,,,
4tug_004579.wav,,3,,,,
4tug_004580.wav,,3,,,,
4tug_004581.wav,,3,,,,
4tug_004582.wav,,3,,,,
4tug_004583.wav,,3,,,,
4tug_004584.wav,,3,,,,
4tug_004585.wav,,3,,,,
4tug_004586.wav,,3,,,,
4tug_004587.wav,,3,,,,
4tug_004588.wav,,3,,,,
4tug_004589.wav,,3,,,,
4tug_004590.wav,,3,,,,
4tug_004591.wav,,3,,,,
4tug_004592.wav,,3,,,,
4tug_004593.wav,,3,,,,
4tug_004594.wav,,3,,,,
4tug_004595.wav,,3,,,,
4tug_004596.wav,,3,,,,
4tug_004597.wav,,3,,,,
4tug_004598.wav,,3,,,,
4tug_004599.wav,,3,,,,
4tug_004600.wav,,3,,,,
4tug_004601.wav,,3,,,,
4tug_004602.wav,,3,,,,
4tug_004603.wav,,3,,,,
4tug_004604.wav,,3,,,,
4tug_004605.wav,,3,,,,
4tug_004606.wav,,3,,,,
4tug_004607.wav,,3,,,,
4tug_004608.wav,,3,,,,
4tug_004609.wav,,3,,,,
4tug_004610.wav,,3,,,,
4tug_004611.wav,,3,,,,
4tug_004612.wav,,3,,,,
4tug_004613.wav,,3,,,,
4tug_004614.wav,,3,,,,
4tug_004615.wav,,3,,,,
4tug_004616.wav,,3,,,,
4tug_004617.wav,,3,,,,
4tug_004618.wav,,3,,,,
4tug_004619.wav,,3,,,,
4tug_004620.wav,,3,,,,
4tug_004621.wav,,3,,,,
4tug_004622.wav,,3,,,,
4tug_004623.wav,,3,,,,
4tug_004624.wav,,3,,,,
4tug_004625.wav,,3,,,,
4tug_004626.wav,,3,,,,
4tug_004627.wav,,3,,,,
4tug_004628.wav,,3,,,,
4tug_004629.wav,,3,,,,
4tug_004630.wav,,3,,,,
4tug_004631.wav,,3,,,,
4tug_004632.wav,,3,,,,
4tug_004633.wav,,3,,,,
4tug_004634.wav,,3,,,,
4tug_004635.wav,,3,,,,
4tug_004636.wav,,3,,,,
4tug_004637.wav,,3,,,,
4tug_004638.wav,,3,,,,
4tug_004639.wav,,3,,,,
4tug_004640.wav,,3,,,,
4tug_004641.wav,,3,,,,
4tug_004642.wav,,3,,,,
4tug_004643.wav,,3,,,,
4tug_004644.wav,,3,,,,
4tug_004645.wav,,3,,,,
4tug_004646.wav,,3,,,,
4tug_004647.wav,,3,,,,
4tug_004648.wav,,3,,,,
4tug_004649.wav,,3,,,,
4tug_004650.wav,,3,,,,
4tug_004651.wav,,3,,,,
4tug_004652.wav,,3,,,,
4tug_004653.wav,,3,,,,
4tug_004654.wav,,3,,,,
4tug_004655.wav,,3,,,,
4tug_004656.wav,,3,,,,
4tug_004657.wav,,3,,,,
4tug_004658.wav,,3,,,,
4tug_004659.wav,,3,,,,
4tug_004660.wav,,3,,,,
4tug_004661.wav,,3,,,,
4tug_004662.wav,,3,,,,
4tug_004663.wav,,3,,,,
4tug_004664.wav,,3,,,,
4tug_004665.wav,,3,,,,
4tug_004666.wav,,3,,,,
4tug_004667.wav,,3,,,,
4tug_004668.wav,,3,,,,
4tug_004669.wav,,3,,,,
4tug_004670.wav,,3,,,,
4tug_004671.wav,,3,,,,
4tug_004672.wav,,3,,,,
4tug_004673.wav,,3,,,,
4tug_004674.wav,,3,,,,
4tug_004675.wav,,3,,,,
4tug_004676.wav,,3,,,,
4tug_004677.wav,,3,,,,
4tug_004678.wav,,3,,,,
4tug_004679.wav,,3,,,,
4tug_004680.wav,,3,,,,
4tug_004681.wav,,3,,,,
4tug_004682.wav,,3,,,,
4tug_004683.wav,,3,,,,
4tug_004684.wav,,3,,,,
4tug_004685.wav,,3,,,,
4tug_004686.wav,,3,,,,
4tug_004687.wav,,3,,,,
4tug_004688.wav,,3,,,,
4tug_004689.wav,,3,,,,
4tug_004690.wav,,3,,,,
4tug_004691.wav,,3,,,,
4tug_004692.wav,,3,,,,
4tug_004693.wav,,3,,,,
4tug_004694.wav,,3,,,,
4tug_004695.wav,,3,,,,
4tug_004696.wav,,3,,,,
4tug_004697.wav,,3,,,,
4tug_004698.wav,,3,,,,
4tug_004699.wav,,3,,,,
4tug_004700.wav,,3,,,,
4tug_004701.wav,,3,,,,
4tug_004702.wav,,3,,,,
4tug_004703.wav,,3,,,,
4tug_004704.wav,,3,,,,
4tug_004705.wav,,3,,,,
4tug_004706.wav,,3,,,,
4tug_004707.wav,,3,,,,
4tug_004708.wav,,3,,,,
4tug_004709.wav,,3,,,,
4tug_004710.wav,,3,,,,
4tug_004711.wav,,3,,,,
4tug_004712.wav,,3,,,,
4tug_004713.wav,,3,,,,
4tug_004714.wav,,3,,,,
4tug_004715.wav,,3,,,,
4tug_004716.wav,,3,,,,
4tug_004717.wav,,3,,,,
4tug_004718.wav,,3,,,,
4tug_004719.wav,,3,,,,
4tug_004720.wav,,3,,,,
4tug_004721.wav,,3,,,,
4tug_004722.wav,,3,,,,
4tug_004723.wav,,3,,,,
4tug_004724.wav,,3,,,,
4tug_004725.wav,,3,,,,
4tug_004726.wav,,3,,,,
4tug_004727.wav,,3,,,,
4tug_004728.wav,,3,,,,
4tug_004729.wav,,3,,,,
4tug_004730.wav,,3,,,,
4tug_004731.wav,,3,,,,
4tug_004732.wav,,3,,,,
4tug_004733.wav,,3,,,,
4tug_004734.wav,,3,,,,
4tug_004735.wav,,3,,,,
4tug_004736.wav,,3,,,,
4tug_004737.wav,,3,,,,
4tug_004738.wav,,3,,,,
4tug_004739.wav,,3,,,,
4tug_004740.wav,,3,,,,
4tug_004741.wav,,3,,,,
4tug_004742.wav,,3,,,,
4tug_004743.wav,,3,,,,
4tug_004744.wav,,3,,,,
4tug_004745.wav,,3,,,,
4tug_004746.wav,,3,,,,
4tug_004747.wav,,3,,,,
4tug_004748.wav,,3,,,,
4tug_004749.wav,,3,,,,
4tug_004750.wav,,3,,,,
4tug_004751.wav,,3,,,,
4tug_004752.wav,,3,,,,
4tug_004753.wav,,3,,,,
4tug_004754.wav,,3,,,,
4tug_004755.wav,,3,,,,
4tug_004756.wav,,3,,,,
4tug_004757.wav,,3,,,,
4tug_004758.wav,,3,,,,
4tug_004759.wav,,3,,,,
4tug_004760.wav,,3,,,,
4tug_004761.wav,,3,,,,
4tug_004762.wav,,3,,,,
4tug_004763.wav,,3,,,,
4tug_004764.wav,,3,,,,
4tug_004765.wav,,3,,,,
4tug_004766.wav,,3,,,,
4tug_004767.wav,,3,,,,
4tug_004768.wav,,3,,,,
4tug_004769.wav,,3,,,,
4tug_004770.wav,,3,,,,
4tug_004771.wav,,3,,,,
4tug_004772.wav,,3,,,,
4tug_004773.wav,,3,,,,
4tug_004774.wav,,3,,,,
4tug_004775.wav,,3,,,,
4tug_004776.wav,,3,,,,
4tug_004777.wav,,3,,,,
4tug_004778.wav,,3,,,,
4tug_004779.wav,,3,,,,
4tug_004780.wav,,3,,,,
4tug_004781.wav,,3,,,,
4tug_004782.wav,,3,,,,
4tug_004783.wav,,3,,,,
4tug_004784.wav,,3,,,,
4tug_004785.wav,,3,,,,
4tug_004786.wav,,3,,,,
4tug_004787.wav,,3,,,,
4tug_004788.wav,,3,,,,
4tug_004789.wav,,3,,,,
4tug_004790.wav,,3,,,,
4tug_004791.wav,,3,,,,
4tug_004792.wav,,3,,,,
4tug_004793.wav,,3,,,,
4tug_004794.wav,,3,,,,
4tug_004795.wav,,3,,,,
4tug_004796.wav,,3,,,,
4tug_004797.wav,,3,,,,
4tug_004798.wav,,3,,,,
4tug_004799.wav,,3,,,,
4tug_004800.wav,,3,,,,
4tug_004801.wav,,3,,,,
4tug_004802.wav,,3,,,,
4tug_004803.wav,,3,,,,
4tug_004804.wav,,3,,,,
4tug_004805.wav,,3,,,,
4tug_004806.wav,,3,,,,
4tug_004807.wav,,3,,,,
4tug_004808.wav,,3,,,,
4tug_004809.wav,,3,,,,
4tug_004810.wav,,3,,,,
4tug_004811.wav,,3,,,,
4tug_004812.wav,,3,,,,
4tug_004813.wav,,3,,,,
4tug_004814.wav,,3,,,,
4tug_004815.wav,,3,,,,
4tug_004816.wav,,3,,,,
4tug_004817.wav,,3,,,,
4tug_004818.wav,,3,,,,
4tug_004819.wav,,3,,,,
4tug_004820.wav,,3,,,,
4tug_004821.wav,,3,,,,
4tug_004822.wav,,3,,,,
4tug_004823.wav,,3,,,,
4tug_004824.wav,,3,,,,
4tug_004825.wav,,3,,,,
4tug_004826.wav,,3,,,,
4tug_004827.wav,,3,,,,
4tug_004828.wav,,3,,,,
4tug_004829.wav,,3,,,,
4tug_004830.wav,,3,,,,
4tug_004831.wav,,3,,,,
4tug_004832.wav,,3,,,,
4tug_004833.wav,,3,,,,
4tug_004834.wav,,3,,,,
4tug_004835.wav,,3,,,,
4tug_004836.wav,,3,,,,
4tug_004837.wav,,3,,,,
4tug_004838.wav,,3,,,,
4tug_004839.wav,,3,,,,
4tug_004840.wav,,3,,,,
4tug_004841.wav,,3,,,,
4tug_004842.wav,,3,,,,
4tug_004843.wav,,3,,,,
4tug_004844.wav,,3,,,,
4tug_004845.wav,,3,,,,
4tug_004846.wav,,3,,,,
4tug_004847.wav,,3,,,,
4tug_004848.wav,,3,,,,
4tug_004849.wav,,3,,,,
4tug_004850.wav,,3,,,,
4tug_004851.wav,,3,,,,
4tug_004852.wav,,3,,,,
4tug_004853.wav,,3,,,,
4tug_004854.wav,,3,,,,
4tug_004855.wav,,3,,,,
4tug_004856.wav,,3,,,,
4tug_004857.wav,,3,,,,
4tug_004858.wav,,3,,,,
4tug_004859.wav,,3,,,,
4tug_004860.wav,,3,,,,
4tug_004861.wav,,3,,,,
4tug_004862.wav,,3,,,,
4tug_004863.wav,,3,,,,
4tug_004864.wav,,3,,,,
4tug_004865.wav,,3,,,,
4tug_004866.wav,,3,,,,
4tug_004867.wav,,3,,,,
4tug_004868.wav,,3,,,,
4tug_004869.wav,,3,,,,
4tug_004870.wav,,3,,,,
4tug_004871.wav,,3,,,,
4tug_004872.wav,,3,,,,
4tug_004873.wav,,3,,,,
4tug_004874.wav,,3,,,,
4tug_004875.wav,,3,,,,
4tug_004876.wav,,3,,,,
4tug_004877.wav,,3,,,,
4tug_004878.wav,,3,,,,
4tug_004879.wav,,3,,,,
4tug_004880.wav,,3,,,,
4tug_004881.wav,,3,,,,
4tug_004882.wav,,3,,,,
4tug_004883.wav,,3,,,,
4tug_004884.wav,,3,,,,
4tug_004885.wav,,3,,,,
4tug_004886.wav,,3,,,,
4tug_004887.wav,,3,,,,
4tug_004888.wav,,3,,,,
4tug_004889.wav,,3,,,,
4tug_004890.wav,,3,,,,
4tug_004891.wav,,3,,,,
4tug_004892.wav,,3,,,,
4tug_004893.wav,,3,,,,
4tug_004894.wav,,3,,,,
4tug_004895.wav,,3,,,,
4tug_004896.wav,,3,,,,
4tug_004897.wav,,3,,,,
4tug_004898.wav,,3,,,,
4tug_004899.wav,,3,,,,
4tug_004900.wav,,3,,,,
4tug_004901.wav,,3,,,,
4tug_004902.wav,,3,,,,
4tug_004903.wav,,3,,,,
4tug_004904.wav,,3,,,,
4tug_004905.wav,,3,,,,
4tug_004906.wav,,3,,,,
4tug_004907.wav,,3,,,,
4tug_004908.wav,,3,,,,
4tug_004909.wav,,3,,,,
4tug_004910.wav,,3,,,,
4tug_004911.wav,,3,,,,
4tug_004912.wav,,3,,,,
4tug_004913.wav,,3,,,,
4tug_004914.wav,,3,,,,
4tug_004915.wav,,3,,,,
4tug_004916.wav,,3,,,,
4tug_004917.wav,,3,,,,
4tug_004918.wav,,3,,,,
4tug_004919.wav,,3,,,,
4tug_004920.wav,,3,,,,
4tug_004921.wav,,3,,,,
4tug_004922.wav,,3,,,,
4tug_004923.wav,,3,,,,
4tug_004924.wav,,3,,,,
4tug_004925.wav,,3,,,,
4tug_004926.wav,,3,,,,
4tug_004927.wav,,3,,,,
4tug_004928.wav,,3,,,,
4tug_004929.wav,,3,,,,
4tug_004930.wav,,3,,,,
4tug_004931.wav,,3,,,,
4tug_004932.wav,,3,,,,
4tug_004933.wav,,3,,,,
4tug_004934.wav,,3,,,,
4tug_004935.wav,,3,,,,
4tug_004936.wav,,3,,,,
4tug_004937.wav,,3,,,,
4tug_004938.wav,,3,,,,
4tug_004939.wav,,3,,,,
4tug_004940.wav,,3,,,,
4tug_004941.wav,,3,,,,
4tug_004942.wav,,3,,,,
4tug_004943.wav,,3,,,,
4tug_004944.wav,,3,,,,
4tug_004945.wav,,3,,,,
4tug_004946.wav,,3,,,,
4tug_004947.wav,,3,,,,
4tug_004948.wav,,3,,,,
4tug_004949.wav,,3,,,,
4tug_004950.wav,,3,,,,
4tug_004951.wav,,3,,,,
4tug_004952.wav,,3,,,,
4tug_004953.wav,,3,,,,
4tug_004954.wav,,3,,,,
4tug_004955.wav,,3,,,,
4tug_004956.wav,,3,,,,
4tug_004957.wav,,3,,,,
4tug_004958.wav,,3,,,,
4tug_004959.wav,,3,,,,
4tug_004960.wav,,3,,,,
4tug_004961.wav,,3,,,,
4tug_004962.wav,,3,,,,
4tug_004963.wav,,3,,,,
4tug_004964.wav,,3,,,,
4tug_004965.wav,,3,,,,
4tug_004966.wav,,3,,,,
4tug_004967.wav,,3,,,,
4tug_004968.wav,,3,,,,
4tug_004969.wav,,3,,,,
4tug_004970.wav,,3,,,,
4tug_004971.wav,,3,,,,
4tug_004972.wav,,3,,,,
4tug_004973.wav,,3,,,,
4tug_004974.wav,,3,,,,
4tug_004975.wav,,3,,,,
4tug_004976.wav,,3,,,,
4tug_004977.wav,,3,,,,
4tug_004978.wav,,3,,,,
4tug_004979.wav,,3,,,,
4tug_004980.wav,,3,,,,
4tug_004981.wav,,3,,,,
4tug_004982.wav,,3,,,,
4tug_004983.wav,,3,,,,
4tug_004984.wav,,3,,,,
4tug_004985.wav,,3,,,,
4tug_004986.wav,,3,,,,
4tug_004987.wav,,3,,,,
4tug_004988.wav,,3,,,,
4tug_004989.wav,,3,,,,
4tug_004990.wav,,3,,,,
4tug_004991.wav,,3,,,,
4tug_004992.wav,,3,,,,
4tug_004993.wav,,3,,,,
4tug_004994.wav,,3,,,,
4tug_004995.wav,,3,,,,
4tug_004996.wav,,3,,,,
4tug_004997.wav,,3,,,,
4tug_004998.wav,,3,,,,
4tug_004999.wav,,3,,,,
4tug_005000.wav,,3,,,,
